run,cpu_avg,cpu_peak,ram_avg,ram_peak,ram_col
run_2,6.684809781666667,13.6436177,850.3120326666666,851.93438,used
