run,cpu_avg,cpu_peak,ram_avg,ram_peak,ram_col
start_master_20260120_153729,21.741055081944445,93.65482200000001,1174.17605,1237.3086,used
