run,cpu_avg,cpu_peak,ram_avg,ram_peak,ram_col
system_idle_20260119_215622,6.407099813333334,25.253712999999998,773.6130558383334,775.8626167,used
