run,cpu_avg,cpu_peak,ram_avg,ram_peak,ram_col
cluster_idle_run3_20260120_212907,9.133070428333333,16.371342900000002,1283.9232748333334,1295.51954,used
