run,cpu_avg,cpu_peak,ram_avg,ram_peak,ram_col
start_master_20260120_155238,23.153743576712326,95.979897,1167.3787438356164,1216.0117,used
