run,start_epoch,ready_epoch,end_epoch,t_ready_sec,t_total_sec,cpu_mean,cpu_peak,cpu_auc,ram_mean,ram_peak,ram_auc,disk_util_mean,disk_util_peak,disk_util_auc,disk_read_mean,disk_read_peak,disk_read_auc,disk_write_mean,disk_write_peak,disk_write_auc
run_5,1769067816,1769067839,1769067869,23,53,31.19809579230769,86.70355529999999,1985.3578645000002,1198.8468353846154,1289.90702,71585.95575000001,13.758974361538462,88.4,874.66666675,49.50604877692308,165.6,2984.94658725,310.4202562076923,1871.725636,18162.52852625
