run,cpu_avg,cpu_peak,ram_avg,ram_peak,ram_col
run_1,6.757837480000001,17.0628703,849.8251573333332,851.3711,used
