run,cpu_avg,cpu_peak,ram_avg,ram_peak,ram_col
cluster_idle_run1_20260120_211840,10.028573748333335,30.0416686,1285.2345340000002,1297.11016,used
