run,cpu_avg,cpu_peak,ram_avg,ram_peak,ram_col
run_3,6.579946073333333,12.4951865,850.4093376666666,852.89924,used
