run,cpu_avg,cpu_peak,ram_avg,ram_peak,ram_col
cluster_idle_run2_20260120_212353,9.720233881666669,33.3842672,1289.766770916667,1298.68206,used
