run,cpu_avg,cpu_peak,ram_avg,ram_peak,ram_col
start_master_20260120_164210,21.796597875,96.221658,1179.2932444444446,1237.6367,used
