idx,epoch,http_code,time_total_sec
1,1770911414,200,54.014306
2,1770911471,200,55.802724
3,1770911535,200,62.899694
4,1770911599,200,62.960935
5,1770911658,200,56.954973
6,1770911748,200,89.666852
7,1770911838,200,88.731350
8,1770911928,200,88.714365
9,1770911991,200,61.910237
10,1770912151,200,159.215147
