idx,epoch,http_code,time_total_sec
1,1770914128,200,15.082707
2,1770914142,200,13.234937
3,1770914157,200,13.675998
4,1770914171,200,13.178713
5,1770914184,200,11.746503
6,1770914203,200,17.775384
7,1770914221,200,17.256689
8,1770914239,200,17.095794
9,1770914252,200,11.869253
10,1770914284,200,30.096454
