idx,epoch,http_code,time_total_sec
1,1770910381,200,54.705589
2,1770910431,200,49.510105
3,1770910487,200,55.024319
4,1770910544,200,55.591181
5,1770910597,200,51.914128
6,1770910679,200,80.221311
7,1770910760,200,79.934902
8,1770910842,200,81.419442
9,1770910900,200,56.736326
10,1770911049,200,147.569174
