idx,epoch,http_code,time_total_sec
1,1770913418,200,52.240109
2,1770913470,200,50.792205
3,1770913528,200,57.088254
4,1770913588,200,58.235354
5,1770913642,200,52.865655
6,1770913726,200,83.082420
7,1770913810,200,82.680772
8,1770913895,200,83.792186
9,1770913954,200,58.127834
10,1770914107,200,151.700317
