idx,epoch,http_code,time_total_sec
1,1770911070,200,15.417218
2,1770911084,200,13.415451
3,1770911100,200,13.920393
4,1770911114,200,13.425744
5,1770911127,200,12.025912
6,1770911146,200,17.990155
7,1770911165,200,17.526158
8,1770911183,200,17.264835
9,1770911197,200,11.991095
10,1770911228,200,30.381585
