idx,epoch,http_code,time_total_sec
1,1770912774,200,15.090895
2,1770912789,200,13.180186
3,1770912803,200,13.649379
4,1770912818,200,13.187899
5,1770912831,200,11.748541
6,1770912849,200,17.660248
7,1770912868,200,17.227559
8,1770912886,200,17.017049
9,1770912899,200,11.742643
10,1770912930,200,30.098410
