idx,epoch,http_code,time_total_sec
1,1770912183,200,15.601197
2,1770912198,200,13.201039
3,1770912213,200,13.826522
4,1770912227,200,13.219568
5,1770912240,200,11.761457
6,1770912259,200,17.732905
7,1770912277,200,17.402942
8,1770912295,200,17.012227
9,1770912308,200,11.868649
10,1770912340,200,30.189011
