idx,epoch,http_code,time_total_sec
1,1770910098,200,37.902186
2,1770910112,200,13.349635
3,1770910127,200,13.792626
4,1770910141,200,13.305283
5,1770910154,200,11.871991
6,1770910173,200,17.833405
7,1770910192,200,17.394834
8,1770910210,200,17.159799
9,1770910223,200,11.837209
10,1770910255,200,30.456133
