run,start_epoch,ready_epoch,end_epoch,t_ready_sec,t_total_sec,cpu_mean,cpu_peak,cpu_auc,ram_mean,ram_peak,ram_auc,disk_util_mean,disk_util_peak,disk_util_auc,disk_read_mean,disk_read_peak,disk_read_auc,disk_write_mean,disk_write_peak,disk_write_auc
run_1,1769067633,1769067645,1769067675,12,42,29.30902526363636,79.3398278,1525.9044024999998,1111.6110127272725,1265.53048,55826.984599999996,16.21818181818182,82.6,738.5,59.490907345454545,221.5999942,2515.9999335,296.2181658181818,1739.773134,15755.940795
